{"Stage":{"0":1,"1":2,"2":3,"3":4,"4":5,"5":6,"6":7,"7":8,"8":9,"9":10,"10":11,"11":12,"12":13,"13":14,"14":15,"15":16,"16":17,"17":18,"18":19,"19":20,"20":21,"21":22,"22":23,"23":24,"24":25,"25":26,"26":27,"27":28,"28":29,"29":30,"30":31,"31":32,"32":33,"33":34},"Temperature liquid from":{"0":81.191091,"1":81.3575864,"2":81.5247207,"3":81.693501,"4":81.8657274,"5":82.0446133,"6":82.2358789,"7":82.4496526,"8":82.7036982,"9":83.028652,"10":83.4757885,"11":84.1264257,"12":85.0973886,"13":86.5271313,"14":88.5187099,"15":91.0379738,"16":93.7324063,"17":94.0337614,"18":94.4352723,"19":95.0036368,"20":95.8395708,"21":97.0782213,"22":98.8628724,"23":101.271322,"24":104.210512,"25":107.371667,"26":110.344125,"27":112.816631,"28":114.684696,"29":116.00975,"30":116.921973,"31":117.550358,"32":117.995093,"33":118.325214},"Temperature vapor to":{"0":81.3575864,"1":81.5247207,"2":81.693501,"3":81.8657274,"4":82.0446133,"5":82.2358789,"6":82.4496526,"7":82.7036982,"8":83.028652,"9":83.4757885,"10":84.1264257,"11":85.0973886,"12":86.5271313,"13":88.5187099,"14":91.0379738,"15":93.8238518,"16":94.0337614,"17":94.4352723,"18":95.0036368,"19":95.8395708,"20":97.0782213,"21":98.8628724,"22":101.271322,"23":104.210512,"24":107.371667,"25":110.344125,"26":112.816631,"27":114.684696,"28":116.00975,"29":116.921973,"30":117.550358,"31":117.995093,"32":118.325214,"33":118.325214},"Mass flow liquid from":{"0":9323.05706,"1":6831.05641,"2":6831.83377,"3":6832.58072,"4":6833.27517,"5":6833.87799,"6":6834.32078,"7":6834.48657,"8":6834.18978,"9":6833.14206,"10":6830.98508,"11":6827.472,"12":6823.02977,"13":6819.79814,"14":6822.38001,"15":6836.3431,"16":12105.3087,"17":12112.9688,"18":12122.532,"19":12135.7048,"20":12155.6403,"21":12187.7509,"22":12239.9461,"23":12320.454,"24":12430.5122,"25":12562.708,"26":12699.8411,"27":12821.888,"28":12918.1712,"29":12987.9328,"30":13036.0322,"31":13068.6159,"32":13090.9168,"33":3070.83578},"Mass flow vapor to":{"0":9323.05706,"1":9323.85242,"2":9324.62977,"3":9325.37673,"4":9326.07118,"5":9326.67402,"6":9327.11684,"7":9327.28267,"8":9326.98595,"9":9325.93834,"10":9323.78151,"11":9320.26854,"12":9315.82617,"13":9312.59378,"14":9315.17391,"15":9329.13457,"16":9034.45663,"17":9042.10953,"18":9051.66848,"19":9064.84131,"20":9084.78073,"21":9116.89686,"22":9169.09672,"23":9249.60766,"24":9359.66829,"25":9491.86627,"26":9629.00116,"27":9751.04962,"28":9847.3339,"29":9917.09618,"30":9965.1961,"31":9997.78002,"32":10020.081,"33":0.0},"Volume flow liquid from":{"0":191.062268,"1":140.024145,"2":140.07207,"3":140.119886,"4":140.167616,"5":140.215308,"6":140.263066,"7":140.311152,"8":140.360393,"9":140.412763,"10":140.473822,"11":140.558189,"12":140.700975,"13":140.973324,"14":141.48294,"15":142.324416,"16":253.013952,"17":253.280181,"18":253.6225,"19":254.100349,"20":254.814975,"21":255.925816,"22":257.645692,"23":260.171036,"24":263.496606,"25":267.368481,"26":271.292629,"27":274.740455,"28":277.443862,"29":279.400815,"30":280.755027,"31":281.67996,"32":282.321242,"33":66.2546937},"Volume flow vapor to":{"0":53913.2245,"1":53683.7653,"2":53456.1943,"3":53230.3597,"4":53006.0132,"5":52782.735,"6":52559.8047,"7":52335.9814,"8":52109.185,"9":51875.9163,"10":51630.7119,"11":51365.8803,"12":51072.8929,"13":50747.5582,"14":50399.2931,"15":50282.5472,"16":48275.6633,"17":48100.0135,"18":47920.7979,"19":47736.5406,"20":47547.2537,"21":47357.6811,"22":47182.2829,"23":47047.7447,"24":46976.6194,"25":46985.6407,"26":47055.4095,"27":47131.7451,"28":47173.5887,"29":47165.4884,"30":47111.3244,"31":47022.4583,"32":46910.2634,"33":0.0},"Molecular wt liquid from":{"0":78.1143479,"1":78.11538,"2":78.117236,"3":78.1205707,"4":78.1265557,"5":78.1372818,"6":78.1564654,"7":78.1906664,"8":78.2513252,"9":78.3579766,"10":78.5427399,"11":78.8549249,"12":79.3610751,"13":80.129862,"14":81.1906114,"15":82.4787317,"16":83.7721492,"17":83.8412238,"18":83.9591538,"19":84.1571216,"20":84.4801852,"21":84.9838589,"22":85.7161563,"23":86.6807048,"24":87.8005654,"25":88.928212,"26":89.9156004,"27":90.6819565,"28":91.2237595,"29":91.5823154,"30":91.8094318,"31":91.9493591,"32":92.0341183,"33":92.0849429},"Molecular wt vapor to":{"0":78.1143479,"1":78.115104,"2":78.1164639,"3":78.1189072,"4":78.1232924,"5":78.131151,"6":78.1452049,"7":78.1702558,"8":78.21467,"9":78.292709,"10":78.4277495,"11":78.6554827,"12":79.0235871,"13":79.5802215,"14":80.3438705,"15":81.2654611,"16":81.2780609,"17":81.3671779,"18":81.5185035,"19":81.7719938,"20":82.1857481,"21":82.8321765,"22":83.7755249,"23":85.023996,"24":86.4803722,"25":87.9527112,"26":89.2450617,"27":90.2489081,"28":90.9584755,"29":91.4277798,"30":91.7248599,"31":91.9077932,"32":92.0185532,"33":null},"Density liquid from":{"0":0.813265151,"1":0.813080771,"2":0.812895076,"3":0.812706522,"4":0.81251235,"5":0.812307645,"6":0.812083676,"7":0.811825058,"8":0.811505015,"9":0.811077987,"10":0.810469524,"11":0.809566492,"12":0.808218728,"13":0.806275251,"14":0.803675226,"15":0.800558718,"16":0.797407192,"17":0.797073079,"18":0.796625694,"19":0.79599161,"20":0.795063183,"21":0.793703368,"22":0.791781536,"23":0.7892535,"24":0.786253784,"25":0.783108262,"26":0.780205561,"27":0.777818229,"28":0.776023127,"29":0.774749157,"30":0.773867547,"31":0.77325439,"32":0.77281449,"33":0.772482575},"Density vapor to":{"0":0.0028821182,"1":0.0028946841,"2":0.0029072495,"3":0.0029198177,"4":0.0029323941,"5":0.0029449889,"6":0.0029576203,"7":0.0029703219,"8":0.0029831548,"9":0.0029962325,"10":0.003009766,"11":0.0030241438,"12":0.0030400426,"13":0.0030584702,"14":0.0030804579,"15":0.0030922375,"16":0.0031190514,"17":0.0031330932,"18":0.003148135,"19":0.0031648856,"20":0.0031844744,"21":0.0032085245,"22":0.0032388912,"23":0.0032766741,"24":0.0033206832,"25":0.0033669387,"26":0.0034105187,"27":0.0034481535,"28":0.0034791127,"29":0.0035043618,"30":0.0035254072,"31":0.0035436188,"32":0.0035600173,"33":null},"Viscosity liquid from":{"0":0.316502903,"1":0.315964414,"2":0.31542517,"3":0.31488201,"4":0.31432932,"5":0.313757127,"6":0.313147766,"7":0.312470145,"8":0.311670134,"9":0.310655389,"10":0.309273944,"11":0.307291526,"12":0.304388198,"13":0.300222089,"14":0.294614471,"15":0.287810199,"16":0.280841937,"17":0.280059043,"18":0.279028956,"19":0.277590591,"20":0.275506901,"21":0.272474057,"22":0.268199471,"23":0.262582274,"24":0.255927154,"25":0.248974336,"26":0.242596959,"27":0.237422269,"28":0.23361828,"29":0.230972171,"30":0.229172622,"31":0.227940779,"32":0.227070514,"33":0.226423733},"Viscosity vapor to":{"0":0.0090466527,"1":0.009051074,"2":0.0090555033,"3":0.0090599593,"4":0.0090644754,"5":0.0090691106,"6":0.0090739688,"7":0.0090792304,"8":0.0090852014,"9":0.0090923775,"10":0.009101499,"11":0.0091135026,"12":0.0091291756,"13":0.0091483489,"14":0.009169034,"15":0.0091870683,"16":0.0091920864,"17":0.0091973118,"18":0.0092032109,"19":0.0092100479,"20":0.0092179171,"21":0.0092262983,"22":0.0092334963,"23":0.009236753,"24":0.0092339454,"25":0.0092257417,"26":0.0092153722,"27":0.0092061729,"28":0.0091998514,"29":0.0091965602,"30":0.0091957064,"31":0.0091965658,"32":0.0091985418,"33":null},"Surface tension liquid from":{"0":20.2700313,"1":20.2500897,"2":20.2301908,"3":20.2103059,"4":20.1903835,"5":20.1703319,"6":20.149987,"7":20.1290543,"8":20.1070028,"9":20.0828711,"10":20.0549118,"11":20.0199652,"12":19.9725006,"13":19.9037625,"14":19.8029446,"15":19.663504,"16":19.4995077,"17":19.4725378,"18":19.4394834,"19":19.3961024,"20":19.3356954,"21":19.2485783,"22":19.1230531,"23":18.9500253,"24":18.7317983,"25":18.4887227,"26":18.2530321,"27":18.0520975,"28":17.897186,"29":17.7852137,"30":17.7065168,"31":17.6509373,"32":17.6104042,"33":17.5792956},"Foaming index":{"0":null,"1":-0.0199416622,"2":-0.0198988171,"3":-0.0198849292,"4":-0.0199224371,"5":-0.0200516161,"6":-0.0203448646,"7":-0.0209326993,"8":-0.022051467,"9":-0.0241317362,"10":-0.027959266,"11":-0.0349466195,"12":-0.0474645927,"13":-0.0687381264,"14":-0.100817899,"15":-0.139440569,"16":0.0060116555,"17":-0.026969889,