{"Stage":{"1":1,"2":2,"3":3,"4":4,"5":5,"6":6,"7":7,"8":8,"9":9,"10":10,"11":11,"12":12,"13":13,"14":14,"15":15,"16":16,"17":17,"18":18,"19":19,"20":20,"21":21,"22":22,"23":23,"24":24,"25":25,"26":26,"27":27,"28":28,"29":29,"30":30,"31":31,"32":32,"33":33,"34":34},"C6H6":{"1":0.999949576,"2":0.999876055,"3":0.999743842,"4":0.999506297,"5":0.999079973,"6":0.998315934,"7":0.996949463,"8":0.994513301,"9":0.990192524,"10":0.982595554,"11":0.969434094,"12":0.947194424,"13":0.911132971,"14":0.8563506,"15":0.780747416,"16":0.688917506,"17":0.59669398,"18":0.591807356,"19":0.583436917,"20":0.569349916,"21":0.546320552,"22":0.510379429,"23":0.458108696,"24":0.389283913,"25":0.30942432,"26":0.229025694,"27":0.158625996,"28":0.103987185,"29":0.0653589953,"30":0.0397958955,"31":0.0236039417,"32":0.0136281419,"33":0.007585495,"34":0.0039621477},"C7H8":{"1":0.0000504243,"2":0.0001239446,"3":0.0002561585,"4":0.0004937029,"5":0.0009200269,"6":0.0016840657,"7":0.0030505373,"8":0.0054866987,"9":0.0098074764,"10":0.0174044464,"11":0.0305659062,"12":0.0528055756,"13":0.0888670293,"14":0.1436494,"15":0.219252584,"16":0.311082494,"17":0.40330602,"18":0.408192644,"19":0.416563083,"20":0.430650084,"21":0.453679448,"22":0.489620571,"23":0.541891304,"24":0.610716087,"25":0.69057568,"26":0.770974306,"27":0.841374004,"28":0.896012815,"29":0.934641005,"30":0.960204104,"31":0.976396058,"32":0.986371858,"33":0.992414505,"34":0.996037852}}