{"Stage":{"1":1,"2":2,"3":3,"4":4,"5":5,"6":6,"7":7,"8":8,"9":9,"10":10,"11":11,"12":12,"13":13,"14":14,"15":15,"16":16,"17":17,"18":18,"19":19,"20":20,"21":21,"22":22,"23":23,"24":24,"25":25,"26":26,"27":27,"28":28,"29":29,"30":30,"31":31,"32":32,"33":33,"34":34},"C6H6":{"1":0.9999795,"2":0.999949576,"3":0.999895712,"4":0.999798843,"5":0.999624798,"6":0.999312439,"7":0.998752661,"8":0.997751598,"9":0.995967226,"10":0.992803594,"11":0.987244775,"12":0.977625275,"13":0.961401692,"14":0.935174979,"15":0.895508931,"16":0.841079039,"17":0.778204807,"18":0.774514539,"19":0.768198612,"20":0.757445653,"21":0.739397058,"22":0.709897244,"23":0.663774227,"24":0.596457315,"25":0.507399436,"26":0.403547083,"27":0.298570056,"28":0.206429182,"29":0.134859322,"30":0.0842710461,"31":0.0508126593,"32":0.029633014,"33":0.0165913584,"34":0.0086951351},"C7H8":{"1":0.0000204999,"2":0.0000504243,"3":0.0001042883,"4":0.0002011571,"5":0.0003752018,"6":0.0006875615,"7":0.0012473392,"8":0.0022484023,"9":0.0040327739,"10":0.007196406,"11":0.0127552252,"12":0.0223747248,"13":0.0385983076,"14":0.0648250205,"15":0.104491069,"16":0.158920961,"17":0.221795193,"18":0.225485461,"19":0.231801388,"20":0.242554347,"21":0.260602942,"22":0.290102756,"23":0.336225773,"24":0.403542685,"25":0.492600564,"26":0.596452917,"27":0.701429944,"28":0.793570818,"29":0.865140678,"30":0.915728954,"31":0.949187341,"32":0.970366986,"33":0.983408642,"34":0.991304865}}